,sa_temp,sa_humidity,sa_btu,sa_fan_speed,sa_flow,cooling_coil_temp,heating_coil_temp,ma_temp,ma_humidity,ma_btu,ra_temp,ra_fan_speed,ra_flow,ra_damper_position,ea_damper_position,oa_temp,oa_humidity,oa_btu,oa_damper_position,outdoor_air_flow,id
0,59.916666666666664,40.0,-19.68,20.0,13120.0,65.0,65.0,79.04761904761905,40.0,-19.68,59.999922839506176,20.0,6720.0,20.0,80.0,80.0,40.0,0.0,80.0,12495.238095238095,airunit-1
1,59.83333333333333,40.0,-19.68,20.0,13120.0,-947.3456790123457,65.0,79.04761537330981,40.0,-19.68,59.99976858996342,20.0,6720.0,20.0,80.0,80.0,40.0,0.0,80.0,12495.238095238095,airunit-1
2,59.74999999999999,40.0,-19.68,20.0,13120.0,-1959.6913580246915,65.0,79.04760802809349,40.0,-19.68,59.99953732275049,20.0,6720.0,20.0,80.0,80.0,40.0,0.0,80.0,12495.238095238095,airunit-1
3,59.66666666666666,40.0,-19.68,20.0,13120.0,-2972.0370370370374,65.0,79.04759701536906,40.0,-19.68,59.99922910918004,20.0,6720.0,20.0,80.0,80.0,40.0,0.0,80.0,12495.238095238095,airunit-1
4,59.58333333333332,40.0,-19.68,20.0,13120.0,-3984.382716049383,65.0,79.04758233853238,40.0,-19.68,59.9988440204987,20.0,6720.0,20.0,80.0,80.0,40.0,0.0,80.0,12495.238095238095,airunit-1
5,59.499999999999986,40.0,-19.68,20.0,13120.0,-4996.728395061728,65.0,79.04756400097612,40.0,-19.68,59.99838212788713,20.0,6720.0,20.0,80.0,80.0,40.0,0.0,80.0,12495.238095238095,airunit-1
6,59.41666666666665,40.0,-19.68,20.0,13120.0,-6009.074074074074,65.0,79.04754200608986,40.0,-19.68,59.99784350246008,20.0,6720.0,20.0,80.0,80.0,40.0,0.0,80.0,12495.238095238095,airunit-1
7,59.333333333333314,40.0,-19.68,20.0,13120.0,-7021.419753086419,65.0,79.04751635726,40.0,-19.68,59.99722821526643,20.0,6720.0,20.0,80.0,80.0,40.0,0.0,80.0,12495.238095238095,airunit-1
8,59.24999999999998,40.0,-19.68,20.0,13120.0,-8033.765432098765,65.0,79.04748705786982,40.0,-19.68,59.996536337289335,20.0,6720.0,20.0,80.0,80.0,40.0,0.0,80.0,12495.238095238095,airunit-1
9,59.16666666666664,40.0,-19.68,20.0,13120.0,-9046.111111111111,65.0,79.04745411129949,40.0,-19.68,59.99576793944616,20.0,6720.0,20.0,80.0,80.0,40.0,0.0,80.0,12495.238095238095,airunit-1
10,59.08333333333331,40.0,-19.68,20.0,13120.0,-10058.456790123457,65.0,79.047417520926,40.0,-19.68,59.99492309258866,20.0,6720.0,20.0,80.0,80.0,40.0,0.0,80.0,12495.238095238095,airunit-1
11,58.99999999999997,40.0,-19.68,20.0,13120.0,-11070.802469135802,65.0,79.04737729012326,40.0,-19.68,59.994001867502924,20.0,6720.0,20.0,80.0,80.0,40.0,0.0,80.0,12495.238095238095,airunit-1
12,58.916666666666636,40.0,-19.68,20.0,13120.0,-12083.148148148148,65.0,79.04733342226204,40.0,-19.68,59.99300433490956,20.0,6720.0,20.0,80.0,80.0,40.0,0.0,80.0,12495.238095238095,airunit-1
13,58.8333333333333,40.0,-19.68,20.0,13120.0,-13095.493827160493,65.0,79.04728592070998,40.0,-19.68,59.991930565463655,20.0,6720.0,20.0,80.0,80.0,40.0,0.0,80.0,12495.238095238095,airunit-1
14,58.749999999999964,40.0,-19.68,20.0,13120.0,-14107.839506172839,65.0,79.0472347888316,40.0,-19.68,59.99078062975489,20.0,6720.0,20.0,80.0,80.0,40.0,0.0,80.0,12495.238095238095,airunit-1
15,58.66666666666663,40.0,-19.68,20.0,13120.0,-15120.185185185184,65.0,79.04718002998833,40.0,-19.68,59.98955459830759,20.0,6720.0,20.0,80.0,80.0,40.0,0.0,80.0,12495.238095238095,airunit-1
16,58.58333333333329,40.0,-19.68,20.0,13120.0,-16132.53086419753,65.0,79.04712164753845,40.0,-19.68,59.988252541580756,20.0,6720.0,20.0,80.0,80.0,40.0,0.0,80.0,12495.238095238095,airunit-1
17,58.49999999999996,40.0,-19.68,20.0,13120.0,-17144.876543209877,65.0,79.04705964483718,40.0,-19.68,59.98687452996819,20.0,6720.0,20.0,80.0,80.0,40.0,0.0,80.0,12495.238095238095,airunit-1
18,58.41666666666662,40.0,-19.68,20.0,13120.0,-18157.222222222223,65.0,79.04699402523657,40.0,-19.68,59.98542063379847,20.0,6720.0,20.0,80.0,80.0,40.0,0.0,80.0,12495.238095238095,airunit-1
19,58.333333333333286,40.0,-19.68,20.0,13120.0,-19169.567901234568,65.0,79.04692479208563,40.0,-19.68,59.983890923335075,20.0,6720.0,20.0,80.0,80.0,40.0,0.0,80.0,12495.238095238095,airunit-1
20,58.24999999999995,40.0,-19.68,20.0,13120.0,-20181.913580246914,65.0,79.04685194873024,40.0,-19.68,59.98228546877643,20.0,6720.0,20.0,80.0,80.0,40.0,0.0,80.0,12495.238095238095,airunit-1
21,58.166666666666615,40.0,-19.68,20.0,13120.0,-21194.25925925926,65.0,79.04677549851316,40.0,-19.68,59.98060434025596,20.0,6720.0,20.0,80.0,80.0,40.0,0.0,80.0,12495.238095238095,airunit-1
22,58.08333333333328,40.0,-19.68,20.0,13120.0,-22206.604938271605,65.0,79.04669544477409,40.0,-19.68,59.97884760784214,20.0,6720.0,20.0,80.0,80.0,40.0,0.0,80.0,12495.238095238095,airunit-1
23,57.99999999999994,40.0,-19.68,20.0,13120.0,-23218.95061728395,65.0,79.04661179084962,40.0,-19.68,59.97701534153858,20.0,6720.0,20.0,80.0,80.0,40.0,0.0,80.0,12495.238095238095,airunit-1
24,57.91666666666661,40.0,-19.68,20.0,13120.0,-24231.296296296296,65.0,79.04652454007326,40.0,-19.68,59.97510761128407,20.0,6720.0,20.0,80.0,80.0,40.0,0.0,80.0,12495.238095238095,airunit-1
25,57.83333333333327,40.0,-19.68,20.0,13120.0,-25243.64197530864,65.0,79.04643369577543,40.0,-19.68,59.973124486952635,20.0,6720.0,20.0,80.0,80.0,40.0,0.0,80.0,12495.238095238095,airunit-1
26,57.749999999999936,40.0,-19.68,20.0,13120.0,-26255.987654320987,65.0,79.04633926128345,40.0,-19.68,59.971066038353605,20.0,6720.0,20.0,80.0,80.0,40.0,0.0,80.0,12495.238095238095,airunit-1
27,57.6666666666666,40.0,-19.68,20.0,13120.0,-27268.333333333332,65.0,79.0462412399216,40.0,-19.68,59.96893233523167,20.0,6720.0,20.0,80.0,80.0,40.0,0.0,80.0,12495.238095238095,airunit-1
28,57.583333333333265,40.0,-19.68,20.0,13120.0,-28280.679012345678,65.0,79.04613963501103,40.0,-19.68,59.96672344726695,20.0,6720.0,20.0,80.0,80.0,40.0,0.0,80.0,12495.238095238095,airunit-1
29,57.49999999999993,40.0,-19.68,20.0,13120.0,-29293.024691358023,65.0,79.04603444986985,40.0,-19.68,59.96443944407503,20.0,6720.0,20.0,80.0,80.0,40.0,0.0,80.0,12495.238095238095,airunit-1
30,57.41666666666659,40.0,-19.68,20.0,13120.0,-30305.37037037037,65.0,79.0459256878131,40.0,-19.68,59.96208039520706,20.0,6720.0,20.0,80.0,80.0,40.0,0.0,80.0,12495.238095238095,airunit-1
31,57.33333333333326,40.0,-19.68,20.0,13120.0,-31317.716049382714,65.0,79.04581335215272,40.0,-19.68,59.95964637014978,20.0,6720.0,20.0,80.0,80.0,40.0,0.0,80.0,12495.238095238095,airunit-1
32,57.24999999999992,40.0,-19.68,20.0,13120.0,-32330.06172839506,65.0,79.04569744619761,40.0,-19.68,59.95713743832556,20.0,6720.0,20.0,80.0,80.0,40.0,0.0,80.0,12495.238095238095,airunit-1
33,57.166666666666586,40.0,-19.68,20.0,13120.0,-33342.40740740741,65.0,79.0455779732536,40.0,-19.68,59.95455366909254,20.0,6720.0,20.0,80.0,80.0,40.0,0.0,80.0,12495.238095238095,airunit-1
34,57.08333333333325,40.0,-19.68,20.0,13120.0,-34354.753086419754,65.0,79.04545493662346,40.0,-19.68,59.951895131744614,20.0,6720.0,20.0,80.0,80.0,40.0,0.0,80.0,12495.238095238095,airunit-1
35,56.999999999999915,40.0,-19.68,20.0,13120.0,-35367.0987654321,65.0,79.04532833960688,40.0,-19.68,59.949161895511516,20.0,6720.0,20.0,80.0,80.0,40.0,0.0,80.0,12495.238095238095,airunit-1
36,56.91666666666658,40.0,-19.68,20.0,13120.0,-36379.444444444445,65.0,79.04519818550054,40.0,-19.68,59.94635402955888,20.0,6720.0,20.0,80.0,80.0,40.0,0.0,80.0,12495.238095238095,airunit-1
37,56.83333333333324,40.0,-19.68,20.0,13120.0,-37391.79012345679,65.0,79.04506447759803,40.0,-19.68,59.9434716029883,20.0,6720.0,20.0,80.0,80.0,40.0,0.0,80.0,12495.238095238095,airunit-1
38,56.74999999999991,40.0,-19.68,20.0,13120.0,-38404.135802469136,65.0,79.04492721918992,40.0,-19.68,59.94051468483739,20.0,6720.0,20.0,80.0,80.0,40.0,0.0,80.0,12495.238095238095,airunit-1
39,56.66666666666657,40.0,-19.68,20.0,13120.0,-39416.48148148148,65.0,79.04478641356368,40.0,-19.68,59.93748334407982,20.0,6720.0,20.0,80.0,80.0,40.0,0.0,80.0,12495.238095238095,airunit-1
40,56.583333333333236,40.0,-19.68,20.0,13120.0,-40428.82716049383,65.0,79.0446420640038,40.0,-19.68,59.934377649625425,20.0,6720.0,20.0,80.0,80.0,40.0,0.0,80.0,12495.238095238095,airunit-1
41,56.4999999999999,40.0,-19.68,20.0,13120.0,-41441.17283950617,65.0,79.04449417379169,40.0,-19.68,59.931197670320216,20.0,6720.0,20.0,80.0,80.0,40.0,0.0,80.0,12495.238095238095,airunit-1
42,56.416666666666565,40.0,-19.68,20.0,13120.0,-42453.51851851852,65.0,79.04434274620573,40.0,-19.68,59.92794347494646,20.0,6720.0,20.0,80.0,80.0,40.0,0.0,80.0,12495.238095238095,airunit-1
43,56.33333333333323,40.0,-19.68,20.0,13120.0,-43465.864197530864,65.0,79.04418778452126,40.0,-19.68,59.92461513222273,20.0,6720.0,20.0,80.0,80.0,40.0,0.0,80.0,12495.238095238095,airunit-1
44,56.24999999999989,40.0,-19.68,20.0,13120.0,-44478.20987654321,65.0,79.0440292920106,40.0,-19.68,59.921212710804014,20.0,6720.0,20.0,80.0,80.0,40.0,0.0,80.0,12495.238095238095,airunit-1
45,56.16666666666656,40.0,-19.68,20.0,13120.0,-45490.555555555555,65.0,79.04386727194304,40.0,-19.68,59.91773627928166,20.0,6720.0,20.0,80.0,80.0,40.0,0.0,80.0,12495.238095238095,airunit-1
46,56.08333333333322,40.0,-19.68,20.0,13120.0,-46502.9012345679,65.0,79.04370172758483,40.0,-19.68,59.91418590618357,20.0,6720.0,20.0,80.0,80.0,40.0,0.0,80.0,12495.238095238095,airunit-1
47,55.999999999999886,40.0,-19.68,20.0,13120.0,-47515.246913580246,65.0,79.04353266219921,40.0,-19.68,59.91056165997414,20.0,6720.0,20.0,80.0,80.0,40.0,0.0,80.0,12495.238095238095,airunit-1
48,55.91666666666655,40.0,-19.68,20.0,13120.0,-48527.59259259259,65.0,79.04336007904638,40.0,-19.68,59.906863609054405,20.0,6720.0,20.0,80.0,80.0,40.0,0.0,80.0,12495.238095238095,airunit-1
49,55.833333333333215,40.0,-19.68,20.0,13120.0,-49539.93827160494,65.0,79.04318398138354,40.0,-19.68,59.90309182176207,20.0,6720.0,20.0,80.0,80.0,40.0,0.0,80.0,12495.238095238095,airunit-1
50,55.74999999999988,40.0,-19.68,20.0,13120.0,-50552.28395061728,65.0,79.04300437246486,40.0,-19.68,59.89924636637155,20.0,6720.0,20.0,80.0,80.0,40.0,0.0,80.0,12495.238095238095,airunit-1
51,55.66666666666654,40.0,-19.68,20.0,13120.0,-51564.62962962963,65.0,79.0428212555415,40.0,-19.68,59.89532731109404,20.0,6720.0,20.0,80.0,80.0,40.0,0.0,80.0,12495.238095238095,airunit-1
52,55.58333333333321,40.0,-19.68,20.0,13120.0,-52576.97530864197,65.0,79.04263463386161,40.0,-19.68,59.8913347240776,20.0,6720.0,20.0,80.0,80.0,40.0,0.0,80.0,12495.238095238095,airunit-1
53,55.49999999999987,40.0,-19.68,20.0,13120.0,-53589.32098765432,65.0,79.04244451067035,40.0,-19.68,59.88726867340714,20.0,6720.0,20.0,80.0,80.0,40.0,0.0,80.0,12495.238095238095,airunit-1
54,55.416666666666536,40.0,-19.68,20.0,13120.0,-54601.666666666664,65.0,79.04225088920985,40.0,-19.68,59.88312922710461,20.0,6720.0,20.0,80.0,80.0,40.0,0.0,80.0,12495.238095238095,airunit-1
55,55.3333333333332,40.0,-19.68,20.0,13120.0,-55614.01234567901,65.0,79.04205377271927,40.0,-19.68,59.87891645312889,20.0,6720.0,20.0,80.0,80.0,40.0,0.0,80.0,12495.238095238095,airunit-1
56,55.249999999999865,40.0,-19.68,20.0,13120.0,-56626.358024691355,65.0,79.04185316443471,40.0,-19.68,59.874630419376,20.0,6720.0,20.0,80.0,80.0,40.0,0.0,80.0,12495.238095238095,airunit-1
57,55.16666666666653,40.0,-19.68,20.0,13120.0,-57638.7037037037,65.0,79.04164906758933,40.0,-19.68,59.87027119367904,20.0,6720.0,20.0,80.0,80.0,40.0,0.0,80.0,12495.238095238095,airunit-1
58,55.083333333333194,40.0,-19.68,20.0,13120.0,-58651.049382716046,65.0,79.04144148541329,40.0,-19.68,59.865838843808355,20.0,6720.0,20.0,80.0,80.0,40.0,0.0,80.0,12495.238095238095,airunit-1
59,54.99999999999986,40.0,-19.68,20.0,13120.0,-59663.39506172839,65.0,79.04123042113373,40.0,-19.68,59.861333437471494,20.0,6720.0,20.0,80.0,80.0,40.0,0.0,80.0,12495.238095238095,airunit-1
60,54.91666666666652,40.0,-19.68,20.0,13120.0,-60675.74074074074,65.0,79.04101587797483,40.0,-19.68,59.85675504231333,20.0,6720.0,20.0,80.0,80.0,40.0,0.0,80.0,12495.238095238095,airunit-1
61,54.83333333333319,40.0,-19.68,20.0,13120.0,-61688.08641975308,65.0,79.04079785915778,40.0,-19.68,59.85212541268371,20.0,6720.0,20.0,80.0,80.0,40.0,0.0,80.0,12495.238095238095,airunit-1
62,54.74999999999985,40.0,-19.68,20.0,13120.0,-62700.43209876543,65.0,79.04057740060398,40.0,-19.68,59.847495783054086,20.0,6720.0,20.0,80.0,80.0,40.0,0.0,80.0,12495.238095238095,airunit-1
63,54.666666666666515,40.0,-19.68,20.0,13120.0,-63712.777777777774,65.0,79.0403569420502,40.0,-19.68,59.84286615342446,20.0,6720.0,20.0,80.0,80.0,40.0,0.0,80.0,12495.238095238095,airunit-1
64,54.58333333333318,40.0,-19.68,20.0,13120.0,-64725.12345679012,65.0,79.0401364834964,40.0,-19.68,59.83823652379484,20.0,6720.0,20.0,80.0,80.0,40.0,0.0,80.0,12495.238095238095,airunit-1
65,54.499999999999844,40.0,-19.68,20.0,13120.0,-65737.46913580247,65.0,79.03991602494261,40.0,-19.68,59.83360689416521,20.0,6720.0,20.0,80.0,80.0,40.0,0.0,80.0,12495.238095238095,airunit-1
66,54.41666666666651,40.0,-19.68,20.0,13120.0,-66749.81481481482,65.0,79.03969556638881,40.0,-19.68,59.82897726453558,20.0,6720.0,20.0,80.0,80.0,40.0,0.0,80.0,12495.238095238095,airunit-1
67,54.33333333333317,40.0,-19.68,20.0,13120.0,-67762.16049382716,65.0,79.03947510783503,40.0,-19.68,59.824347634905955,20.0,6720.0,20.0,80.0,80.0,40.0,0.0,80.0,12495.238095238095,airunit-1
68,54.24999999999984,40.0,-19.68,20.0,13120.0,-68774.50617283951,65.0,79.03925464928123,40.0,-19.68,59.81971800527632,20.0,6720.0,20.0,80.0,80.0,40.0,0.0,80.0,12495.238095238095,airunit-1
69,54.1666666666665,40.0,-19.68,20.0,13120.0,-69786.85185185185,65.0,79.03903419072745,40.0,-19.68,59.8150883756467,20.0,6720.0,20.0,80.0,80.0,40.0,0.0,80.0,12495.238095238095,airunit-1
70,54.083333333333165,40.0,-19.68,20.0,13120.0,-70799.1975308642,65.0,79.03881373217365,40.0,-19.68,59.810458746017076,20.0,6720.0,20.0,80.0,80.0,40.0,0.0,80.0,12495.238095238095,airunit-1
71,53.99999999999983,40.0,-19.68,20.0,13120.0,-71811.54320987655,65.0,79.03859327361985,40.0,-19.68,59.80582911638745,20.0,6720.0,20.0,80.0,80.0,40.0,0.0,80.0,12495.238095238095,airunit-1
72,53.916666666666494,40.0,-19.68,20.0,13120.0,-72823.88888888889,65.0,79.03837281506607,40.0,-19.68,59.80119948675783,20.0,6720.0,20.0,80.0,80.0,40.0,0.0,80.0,12495.238095238095,airunit-1
73,53.83333333333316,40.0,-19.68,20.0,13120.0,-73836.23456790124,65.0,79.03815235651227,40.0,-19.68,59.7965698571282,20.0,6720.0,20.0,80.0,80.0,40.0,0.0,80.0,12495.238095238095,airunit-1
74,53.74999999999982,40.0,-19.68,20.0,13120.0,-74848.58024691358,65.0,79.03793189795849,40.0,-19.68,59.79194022749857,20.0,6720.0,20.0,80.0,80.0,40.0,0.0,80.0,12495.238095238095,airunit-1
75,53.66666666666649,40.0,-19.68,20.0,13120.0,-75860.92592592593,65.0,79.03771143940469,40.0,-19.68,59.787310597868945,20.0,6720.0,20.0,80.0,80.0,40.0,0.0,80.0,12495.238095238095,airunit-1
76,53.58333333333315,40.0,-19.68,20.0,13120.0,-76873.27160493827,65.0,79.0374909808509,40.0,-19.68,59.78268096823931,20.0,6720.0,20.0,80.0,80.0,40.0,0.0,80.0,12495.238095238095,airunit-1
77,53.499999999999815,40.0,-19.68,20.0,13120.0,-77885.61728395062,65.0,79.0372705222971,40.0,-19.68,59.77805133860969,20.0,6720.0,20.0,80.0,80.0,40.0,0.0,80.0,12495.238095238095,airunit-1
78,53.41666666666648,40.0,-19.68,20.0,13120.0,-78897.96296296296,65.0,79.03705006374332,40.0,-19.68,59.77342170898007,20.0,6720.0,20.0,80.0,80.0,40.0,0.0,80.0,12495.238095238095,airunit-1
79,53.333333333333144,40.0,-19.68,20.0,13120.0,-79910.30864197531,65.0,79.03682960518952,40.0,-19.68,59.76879207935044,20.0,6720.0,20.0,80.0,80.0,40.0,0.0,80.0,12495.238095238095,airunit-1
80,53.24999999999981,40.0,-19.68,20.0,13120.0,-80922.65432098765,65.0,79.03660914663574,40.0,-19.68,59.76416244972082,20.0,6720.0,20.0,80.0,80.0,40.0,0.0,80.0,12495.238095238095,airunit-1
81,53.16666666666647,40.0,-19.68,20.0,13120.0,-81935.0,65.0,79.03638868808194,40.0,-19.68,59.75953282009119,20.0,6720.0,20.0,80.0,80.0,40.0,0.0,80.0,12495.238095238095,airunit-1
82,53.08333333333314,40.0,-19.68,20.0,13120.0,-82947.34567901235,65.0,79.03616822952814,40.0,-19.68,59.75490319046156,20.0,6720.0,20.0,80.0,80.0,40.0,0.0,80.0,12495.238095238095,airunit-1
83,52.9999999999998,40.0,-19.68,20.0,13120.0,-83959.69135802469,65.0,79.03594777097436,40.0,-19.68,59.750273560831936,20.0,6720.0,20.0,80.0,80.0,40.0,0.0,80.0,12495.238095238095,airunit-1
84,52.916666666666465,40.0,-19.68,20.0,13120.0,-84972.03703703704,65.0,79.03572731242056,40.0,-19.68,59.7456439312023,20.0,6720.0,20.0,80.0,80.0,40.0,0.0,80.0,12495.238095238095,airunit-1
85,52.83333333333313,40.0,-19.68,20.0,13120.0,-85984.38271604938,65.0,79.03550685386678,40.0,-19.68,59.74101430157268,20.0,6720.0,20.0,80.0,80.0,40.0,0.0,80.0,12495.238095238095,airunit-1
86,52.749999999999794,40.0,-19.68,20.0,13120.0,-86996.72839506173,65.0,79.03528639531298,40.0,-19.68,59.73638467194306,20.0,6720.0,20.0,80.0,80.0,40.0,0.0,80.0,12495.238095238095,airunit-1
87,52.66666666666646,40.0,-19.68,20.0,13120.0,-88009.07407407407,65.0,79.0350659367592,40.0,-19.68,59.73175504231343,20.0,6720.0,20.0,80.0,80.0,40.0,0.0,80.0,12495.238095238095,airunit-1
88,52.58333333333312,40.0,-19.68,20.0,13120.0,-89021.41975308642,65.0,79.0348454782054,40.0,-19.68,59.72712541268381,20.0,6720.0,20.0,80.0,80.0,40.0,0.0,80.0,12495.238095238095,airunit-1
89,52.49999999999979,40.0,-19.68,20.0,13120.0,-90033.76543209876,65.0,79.03462501965161,40.0,-19.68,59.72249578305418,20.0,6720.0,20.0,80.0,80.0,40.0,0.0,80.0,12495.238095238095,airunit-1
90,52.41666666666645,40.0,-19.68,20.0,13120.0,-91046.11111111111,65.0,79.03440456109782,40.0,-19.68,59.71786615342455,20.0,6720.0,20.0,80.0,80.0,40.0,0.0,80.0,12495.238095238095,airunit-1
91,52.333333333333115,40.0,-19.68,20.0,13120.0,-92058.45679012345,65.0,79.03418410254403,40.0,-19.68,59.713236523794926,20.0,6720.0,20.0,80.0,80.0,40.0,0.0,80.0,12495.238095238095,airunit-1
92,52.24999999999978,40.0,-19.68,20.0,13120.0,-93070.8024691358,65.0,79.03396364399023,40.0,-19.68,59.70860689416529,20.0,6720.0,20.0,80.0,80.0,40.0,0.0,80.0,12495.238095238095,airunit-1
93,52.166666666666444,40.0,-19.68,20.0,13120.0,-94083.14814814815,65.0,79.03374318543644,40.0,-19.68,59.70397726453567,20.0,6720.0,20.0,80.0,80.0,40.0,0.0,80.0,12495.238095238095,airunit-1
94,52.08333333333311,40.0,-19.68,20.0,13120.0,-95095.49382716049,65.0,79.03352272688264,40.0,-19.68,59.69934763490605,20.0,6720.0,20.0,80.0,80.0,40.0,0.0,80.0,12495.238095238095,airunit-1
95,51.99999999999977,40.0,-19.68,20.0,13120.0,-96107.83950617284,65.0,79.03330226832885,40.0,-19.68,59.69471800527642,20.0,6720.0,20.0,80.0,80.0,40.0,0.0,80.0,12495.238095238095,airunit-1
96,51.91666666666644,40.0,-19.68,20.0,13120.0,-97120.18518518518,65.0,79.03308180977506,40.0,-19.68,59.6900883756468,20.0,6720.0,20.0,80.0,80.0,40.0,0.0,80.0,12495.238095238095,airunit-1
97,51.8333333333331,40.0,-19.68,20.0,13120.0,-98132.53086419753,65.0,79.03286135122127,40.0,-19.68,59.68545874601717,20.0,6720.0,20.0,80.0,80.0,40.0,0.0,80.0,12495.238095238095,airunit-1
98,51.749999999999766,40.0,-19.68,20.0,13120.0,-99144.87654320987,65.0,79.03264089266747,40.0,-19.68,59.68082911638754,20.0,6720.0,20.0,80.0,80.0,40.0,0.0,80.0,12495.238095238095,airunit-1
99,51.66666666666643,40.0,-19.68,20.0,13120.0,-100157.22222222222,65.0,79.03242043411369,40.0,-19.68,59.676199486757916,20.0,6720.0,20.0,80.0,80.0,40.0,0.0,80.0,12495.238095238095,airunit-1
100,51.583333333333094,40.0,-19.68,20.0,13120.0,-101169.56790123456,65.0,79.03219997555989,40.0,-19.68,59.67156985712828,20.0,6720.0,20.0,80.0,80.0,40.0,0.0,80.0,12495.238095238095,airunit-1
101,51.49999999999976,40.0,-19.68,20.0,13120.0,-102181.91358024691,65.0,79.0319795170061,40.0,-19.68,59.666940227498664,20.0,6720.0,20.0,80.0,80.0,40.0,0.0,80.0,12495.238095238095,airunit-1
102,51.41666666666642,40.0,-19.68,20.0,13120.0,-103194.25925925926,65.0,79.03175905845231,40.0,-19.68,59.66231059786904,20.0,6720.0,20.0,80.0,80.0,40.0,0.0,80.0,12495.238095238095,airunit-1
103,51.33333333333309,40.0,-19.68,20.0,13120.0,-104206.6049382716,65.0,79.03153859989851,40.0,-19.68,59.65768096823941,20.0,6720.0,20.0,80.0,80.0,40.0,0.0,80.0,12495.238095238095,airunit-1
104,51.24999999999975,40.0,-19.68,20.0,13120.0,-105218.95061728395,65.0,79.03131814134473,40.0,-19.68,59.65305133860979,20.0,6720.0,20.0,80.0,80.0,40.0,0.0,80.0,12495.238095238095,airunit-1
105,51.166666666666416,40.0,-19.68,20.0,13120.0,-106231.29629629629,65.0,79.03109768279093,40.0,-19.68,59.64842170898016,20.0,6720.0,20.0,80.0,80.0,40.0,0.0,80.0,12495.238095238095,airunit-1
106,51.08333333333308,40.0,-19.68,20.0,13120.0,-107243.64197530864,65.0,79.03087722423714,40.0,-19.68,59.64379207935053,20.0,6720.0,20.0,80.0,80.0,40.0,0.0,80.0,12495.238095238095,airunit-1
107,50.999999999999744,40.0,-19.68,20.0,13120.0,-108255.98765432098,65.0,79.03065676568335,40.0,-19.68,59.63916244972091,20.0,6720.0,20.0,80.0,80.0,40.0,0.0,80.0,12495.238095238095,airunit-1
108,50.91666666666641,40.0,-19.68,20.0,13120.0,-109268.33333333333,65.0,79.03043630712956,40.0,-19.68,59.63453282009127,20.0,6720.0,20.0,80.0,80.0,40.0,0.0,80.0,12495.238095238095,airunit-1
109,50.83333333333307,40.0,-19.68,20.0,13120.0,-110280.67901234567,65.0,79.03021584857576,40.0,-19.68,59.629903190461654,20.0,6720.0,20.0,80.0,80.0,40.0,0.0,80.0,12495.238095238095,airunit-1
110,50.74999999999974,40.0,-19.68,20.0,13120.0,-111293.02469135802,65.0,79.02999539002198,40.0,-19.68,59.62527356083203,20.0,6720.0,20.0,80.0,80.0,40.0,0.0,80.0,12495.238095238095,airunit-1
111,50.6666666666664,40.0,-19.68,20.0,13120.0,-112305.37037037036,65.0,79.02977493146818,40.0,-19.68,59.6206439312024,20.0,6720.0,20.0,80.0,80.0,40.0,0.0,80.0,12495.238095238095,airunit-1
112,50.583333333333066,40.0,-19.68,20.0,13120.0,-113317.71604938271,65.0,79.0295544729144,40.0,-19.68,59.61601430157278,20.0,6720.0,20.0,80.0,80.0,40.0,0.0,80.0,12495.238095238095,airunit-1
113,50.49999999999973,40.0,-19.68,20.0,13120.0,-114330.06172839506,65.0,79.0293340143606,40.0,-19.68,59.61138467194315,20.0,6720.0,20.0,80.0,80.0,40.0,0.0,80.0,12495.238095238095,airunit-1
114,50.416666666666394,40.0,-19.68,20.0,13120.0,-115342.4074074074,65.0,79.02911355580682,40.0,-19.68,59.60675504231352,20.0,6720.0,20.0,80.0,80.0,40.0,0.0,80.0,12495.238095238095,airunit-1
115,50.33333333333306,40.0,-19.68,20.0,13120.0,-116354.75308641975,65.0,79.02889309725302,40.0,-19.68,59.6021254126839,20.0,6720.0,20.0,80.0,80.0,40.0,0.0,80.0,12495.238095238095,airunit-1
116,50.24999999999972,40.0,-19.68,20.0,13120.0,-117367.09876543209,65.0,79.02867263869922,40.0,-19.68,59.59749578305426,20.0,6720.0,20.0,80.0,80.0,40.0,0.0,80.0,12495.238095238095,airunit-1
117,50.16666666666639,40.0,-19.68,20.0,13120.0,-118379.44444444444,65.0,79.02845218014544,40.0,-19.68,59.592866153424644,20.0,6720.0,20.0,80.0,80.0,40.0,0.0,80.0,12495.238095238095,airunit-1
118,50.08333333333305,40.0,-19.68,20.0,13120.0,-119391.79012345678,65.0,79.02823172159164,40.0,-19.68,59.58823652379502,20.0,6720.0,20.0,80.0,80.0,40.0,0.0,80.0,12495.238095238095,airunit-1
119,49.999999999999716,40.0,-19.68,20.0,13120.0,-120404.13580246913,65.0,79.02801126303785,40.0,-19.68,59.58360689416539,20.0,6720.0,20.0,80.0,80.0,40.0,0.0,80.0,12495.238095238095,airunit-1
120,49.91666666666638,40.0,-19.68,20.0,13120.0,-121416.48148148147,65.0,79.02779080448406,40.0,-19.68,59.57897726453577,20.0,6720.0,20.0,80.0,80.0,40.0,0.0,80.0,12495.238095238095,airunit-1
121,49.833333333333044,40.0,-19.68,20.0,13120.0,-122428.82716049382,65.0,79.02757034593027,40.0,-19.68,59.57434763490614,20.0,6720.0,20.0,80.0,80.0,40.0,0.0,80.0,12495.238095238095,airunit-1
122,49.74999999999971,40.0,-19.68,20.0,13120.0,-123441.17283950617,65.0,79.02734988737647,40.0,-19.68,59.56971800527651,20.0,6720.0,20.0,80.0,80.0,40.0,0.0,80.0,12495.238095238095,airunit-1
123,49.66666666666637,40.0,-19.68,20.0,13120.0,-124453.51851851851,65.0,79.02712942882269,40.0,-19.68,59.56508837564689,20.0,6720.0,20.0,80.0,80.0,40.0,0.0,80.0,12495.238095238095,airunit-1
124,49.58333333333304,40.0,-19.68,20.0,13120.0,-125465.86419753086,65.0,79.02690897026889,40.0,-19.68,59.560458746017254,20.0,6720.0,20.0,80.0,80.0,40.0,0.0,80.0,12495.238095238095,airunit-1
125,49.4999999999997,40.0,-19.68,20.0,13120.0,-126478.2098765432,65.0,79.02668851171511,40.0,-19.68,59.555829116387635,20.0,6720.0,20.0,80.0,80.0,40.0,0.0,80.0,12495.238095238095,airunit-1
126,49.416666666666366,40.0,-19.68,20.0,13120.0,-127490.55555555555,65.0,79.02646805316131,40.0,-19.68,59.55119948675801,20.0,6720.0,20.0,80.0,80.0,40.0,0.0,80.0,12495.238095238095,airunit-1
127,49.33333333333303,40.0,-19.68,20.0,13120.0,-128502.9012345679,65.0,79.02624759460751,40.0,-19.68,59.54656985712838,20.0,6720.0,20.0,80.0,80.0,40.0,0.0,80.0,12495.238095238095,airunit-1
128,49.249999999999694,40.0,-19.68,20.0,13120.0,-129515.24691358024,65.0,79.02602713605373,40.0,-19.68,59.54194022749876,20.0,6720.0,20.0,80.0,80.0,40.0,0.0,80.0,12495.238095238095,airunit-1
129,49.16666666666636,40.0,-19.68,20.0,13120.0,-130527.59259259258,65.0,79.02580667749993,40.0,-19.68,59.53731059786913,20.0,6720.0,20.0,80.0,80.0,40.0,0.0,80.0,12495.238095238095,airunit-1
130,49.08333333333302,40.0,-19.68,20.0,13120.0,-131539.93827160494,65.0,79.02558621894615,40.0,-19.68,59.532680968239504,20.0,6720.0,20.0,80.0,80.0,40.0,0.0,80.0,12495.238095238095,airunit-1
131,48.99999999999969,40.0,-19.68,20.0,13120.0,-132552.2839506173,65.0,79.02536576039235,40.0,-19.68,59.52805133860988,20.0,6720.0,20.0,80.0,80.0,40.0,0.0,80.0,12495.238095238095,airunit-1
132,48.91666666666635,40.0,-19.68,20.0,13120.0,-133564.62962962966,65.0,79.02514530183856,40.0,-19.68,59.523421708980244,20.0,6720.0,20.0,80.0,80.0,40.0,0.0,80.0,12495.238095238095,airunit-1
133,48.833333333333016,40.0,-19.68,20.0,13120.0,-134576.97530864202,65.0,79.02492484328477,40.0,-19.68,59.518792079350625,20.0,6720.0,20.0,80.0,80.0,40.0,0.0,80.0,12495.238095238095,airunit-1
134,48.74999999999968,40.0,-19.68,20.0,13120.0,-135589.32098765438,65.0,79.02470438473098,40.0,-19.68,59.514162449721,20.0,6720.0,20.0,80.0,80.0,40.0,0.0,80.0,12495.238095238095,airunit-1
135,48.666666666666345,40.0,-19.68,20.0,13120.0,-136601.66666666674,65.0,79.02448392617718,40.0,-19.68,59.50953282009137,20.0,6720.0,20.0,80.0,80.0,40.0,0.0,80.0,12495.238095238095,airunit-1
136,48.58333333333301,40.0,-19.68,20.0,13120.0,-137614.0123456791,65.0,79.0242634676234,40.0,-19.68,59.504903190461754,20.0,6720.0,20.0,80.0,80.0,40.0,0.0,80.0,12495.238095238095,airunit-1
137,48.49999999999967,40.0,-19.68,20.0,13120.0,-138626.35802469146,65.0,79.0240430090696,40.0,-19.68,59.50027356083212,20.0,6720.0,20.0,80.0,80.0,40.0,0.0,80.0,12495.238095238095,airunit-1
138,48.41666666666634,40.0,-19.68,20.0,13120.0,-139638.70370370382,65.0,79.02382255051582,40.0,-19.68,59.495643931202494,20.0,6720.0,20.0,80.0,80.0,40.0,0.0,80.0,12495.238095238095,airunit-1
139,48.333333333333,40.0,-19.68,20.0,13120.0,-140651.04938271618,65.0,79.02360209196202,40.0,-19.68,59.49101430157287,20.0,6720.0,20.0,80.0,80.0,40.0,0.0,80.0,12495.238095238095,airunit-1
140,48.249999999999666,40.0,-19.68,20.0,13120.0,-141663.39506172854,65.0,79.02338163340822,40.0,-19.68,59.486384671943235,20.0,6720.0,20.0,80.0,80.0,40.0,0.0,80.0,12495.238095238095,airunit-1
141,48.16666666666633,40.0,-19.68,20.0,13120.0,-142675.7407407409,65.0,79.02316117485444,40.0,-19.68,59.481755042313615,20.0,6720.0,20.0,80.0,80.0,40.0,0.0,80.0,12495.238095238095,airunit-1
142,48.083333333332995,40.0,-19.68,20.0,13120.0,-143688.08641975326,65.0,79.02294071630064,40.0,-19.68,59.47712541268399,20.0,6720.0,20.0,80.0,80.0,40.0,0.0,80.0,12495.238095238095,airunit-1
143,47.99999999999966,40.0,-19.68,20.0,13120.0,-144700.43209876562,65.0,79.02272025774685,40.0,-19.68,59.47249578305436,20.0,6720.0,20.0,80.0,80.0,40.0,0.0,80.0,12495.238095238095,airunit-1
144,47.91666666666632,40.0,-19.68,20.0,13120.0,-145712.77777777798,65.0,79.02249979919306,40.0,-19.68,59.467866153424744,20.0,6720.0,20.0,80.0,80.0,40.0,0.0,80.0,12495.238095238095,airunit-1
145,47.83333333333299,40.0,-19.68,20.0,13120.0,-146725.12345679034,65.0,79.02227934063927,40.0,-19.68,59.46323652379511,20.0,6720.0,20.0,80.0,80.0,40.0,0.0,80.0,12495.238095238095,airunit-1
146,47.74999999999965,40.0,-19.68,20.0,13120.0,-147737.4691358027,65.0,79.02205888208547,40.0,-19.68,59.458606894165484,20.0,6720.0,20.0,80.0,80.0,40.0,0.0,80.0,12495.238095238095,airunit-1
147,47.666666666666316,40.0,-19.68,20.0,13120.0,-148749.81481481506,65.0,79.02183842353169,40.0,-19.68,59.45397726453586,20.0,6720.0,20.0,80.0,80.0,40.0,0.0,80.0,12495.238095238095,airunit-1
148,47.58333333333298,40.0,-19.68,20.0,13120.0,-149762.16049382742,65.0,79.02161796497789,40.0,-19.68,59.449347634906225,20.0,6720.0,20.0,80.0,80.0,40.0,0.0,80.0,12495.238095238095,airunit-1
149,47.499999999999645,40.0,-19.68,20.0,13120.0,-150774.50617283978,65.0,79.02139750642411,40.0,-19.68,59.444718005276606,20.0,6720.0,20.0,80.0,80.0,40.0,0.0,80.0,12495.238095238095,airunit-1
150,47.41666666666631,40.0,-19.68,20.0,13120.0,-151786.85185185215,65.0,79.02117704787031,40.0,-19.68,59.44008837564698,20.0,6720.0,20.0,80.0,80.0,40.0,0.0,80.0,12495.238095238095,airunit-1
151,47.33333333333297,40.0,-19.68,20.0,13120.0,-152799.1975308645,65.0,79.02095658931651,40.0,-19.68,59.43545874601735,20.0,6720.0,20.0,80.0,80.0,40.0,0.0,80.0,12495.238095238095,airunit-1
152,47.24999999999964,40.0,-19.68,20.0,13120.0,-153811.54320987687,65.0,79.02073613076273,40.0,-19.68,59.430829116387734,20.0,6720.0,20.0,80.0,80.0,40.0,0.0,80.0,12495.238095238095,airunit-1
153,47.1666666666663,40.0,-19.68,20.0,13120.0,-154823.88888888923,65.0,79.02051567220893,40.0,-19.68,59.4261994867581,20.0,6720.0,20.0,80.0,80.0,40.0,0.0,80.0,12495.238095238095,airunit-1
154,47.083333333332966,40.0,-19.68,20.0,13120.0,-155836.23456790159,65.0,79.02029521365515,40.0,-19.68,59.421569857128475,20.0,6720.0,20.0,80.0,80.0,40.0,0.0,80.0,12495.238095238095,airunit-1
155,46.99999999999963,40.0,-19.68,20.0,13120.0,-156848.58024691395,65.0,79.02007475510135,40.0,-19.68,59.41694022749885,20.0,6720.0,20.0,80.0,80.0,40.0,0.0,80.0,12495.238095238095,airunit-1
156,46.916666666666295,40.0,-19.68,20.0,13120.0,-157860.9259259263,65.0,79.01985429654756,40.0,-19.68,59.412310597869215,20.0,6720.0,20.0,80.0,80.0,40.0,0.0,80.0,12495.238095238095,airunit-1
157,46.83333333333296,40.0,-19.68,20.0,13120.0,-158873.27160493867,65.0,79.01963383799377,40.0,-19.68,59.407680968239596,20.0,6720.0,20.0,80.0,80.0,40.0,0.0,80.0,12495.238095238095,airunit-1
158,46.74999999999962,40.0,-19.68,20.0,13120.0,-159885.61728395103,65.0,79.01941337943998,40.0,-19.68,59.40305133860997,20.0,6720.0,20.0,80.0,80.0,40.0,0.0,80.0,12495.238095238095,airunit-1
159,46.66666666666629,40.0,-19.68,20.0,13120.0,-160897.9629629634,65.0,79.01919292088618,40.0,-19.68,59.398421708980344,20.0,6720.0,20.0,80.0,80.0,40.0,0.0,80.0,12495.238095238095,airunit-1
160,46.58333333333295,40.0,-19.68,20.0,13120.0,-161910.30864197575,65.0,79.0189724623324,40.0,-19.68,59.393792079350725,20.0,6720.0,20.0,80.0,80.0,40.0,0.0,80.0,12495.238095238095,airunit-1
161,46.499999999999616,40.0,-19.68,20.0,13120.0,-162922.6543209881,65.0,79.0187520037786,40.0,-19.68,59.38916244972109,20.0,6720.0,20.0,80.0,80.0,40.0,0.0,80.0,12495.238095238095,airunit-1
162,46.41666666666628,40.0,-19.68,20.0,13120.0,-163935.00000000047,65.0,79.01853154522482,40.0,-19.68,59.384532820091465,20.0,6720.0,20.0,80.0,80.0,40.0,0.0,80.0,12495.238095238095,airunit-1
163,46.333333333332945,40.0,-19.68,20.0,13120.0,-164947.34567901283,65.0,79.01831108667102,40.0,-19.68,59.37990319046184,20.0,6720.0,20.0,80.0,80.0,40.0,0.0,80.0,12495.238095238095,airunit-1
164,46.24999999999961,40.0,-19.68,20.0,13120.0,-165959.6913580252,65.0,79.01809062811722,40.0,-19.68,59.375273560832206,20.0,6720.0,20.0,80.0,80.0,40.0,0.0,80.0,12495.238095238095,airunit-1
165,46.16666666666627,40.0,-19.68,20.0,13120.0,-166972.03703703755,65.0,79.01787016956344,40.0,-19.68,59.370643931202586,20.0,6720.0,20.0,80.0,80.0,40.0,0.0,80.0,12495.238095238095,airunit-1
166,46.08333333333294,40.0,-19.68,20.0,13120.0,-167984.3827160499,65.0,79.01764971100964,40.0,-19.68,59.36601430157296,20.0,6720.0,20.0,80.0,80.0,40.0,0.0,80.0,12495.238095238095,airunit-1
167,45.9999999999996,40.0,-19.68,20.0,13120.0,-168996.72839506227,65.0,79.01742925245586,40.0,-19.68,59.361384671943334,20.0,6720.0,20.0,80.0,80.0,40.0,0.0,80.0,12495.238095238095,airunit-1
168,45.916666666666266,40.0,-19.68,20.0,13120.0,-170009.07407407463,65.0,79.01720879390206,40.0,-19.68,59.356755042313715,20.0,6720.0,20.0,80.0,80.0,40.0,0.0,80.0,12495.238095238095,airunit-1
169,45.83333333333293,40.0,-19.68,20.0,13120.0,-171021.419753087,65.0,79.01698833534827,40.0,-19.68,59.35212541268408,20.0,6720.0,20.0,80.0,80.0,40.0,0.0,80.0,12495.238095238095,airunit-1
170,45.749999999999595,40.0,-19.68,20.0,13120.0,-172033.76543209935,65.0,79.01676787679448,40.0,-19.68,59.347495783054455,20.0,6720.0,20.0,80.0,80.0,40.0,0.0,80.0,12495.238095238095,airunit-1
171,45.66666666666626,40.0,-19.68,20.0,13120.0,-173046.1111111117,65.0,79.01654741824069,40.0,-19.68,59.34286615342483,20.0,6720.0,20.0,80.0,80.0,40.0,0.0,80.0,12495.238095238095,airunit-1
172,45.583333333332924,40.0,-19.68,20.0,13120.0,-174058.45679012407,65.0,79.0163269596869,40.0,-19.68,59.338236523795196,20.0,6720.0,20.0,80.0,80.0,40.0,0.0,80.0,12495.238095238095,airunit-1
173,45.49999999999959,40.0,-19.68,20.0,13120.0,-175070.80246913643,65.0,79.01610650113311,40.0,-19.68,59.33360689416558,20.0,6720.0,20.0,80.0,80.0,40.0,0.0,80.0,12495.238095238095,airunit-1
174,45.41666666666625,40.0,-19.68,20.0,13120.0,-176083.1481481488,65.0,79.01588604257931,40.0,-19.68,59.32897726453595,20.0,6720.0,20.0,80.0,80.0,40.0,0.0,80.0,12495.238095238095,airunit-1
175,45.33333333333292,40.0,-19.68,20.0,13120.0,-177095.49382716115,65.0,79.01566558402553,40.0,-19.68,59.324347634906324,20.0,6720.0,20.0,80.0,80.0,40.0,0.0,80.0,12495.238095238095,airunit-1
176,45.24999999999958,40.0,-19.68,20.0,13120.0,-178107.8395061735,65.0,79.01544512547173,40.0,-19.68,59.319718005276705,20.0,6720.0,20.0,80.0,80.0,40.0,0.0,80.0,12495.238095238095,airunit-1
177,45.166666666666245,40.0,-19.68,20.0,13120.0,-179120.18518518587,65.0,79.01522466691793,40.0,-19.68,59.31508837564707,20.0,6720.0,20.0,80.0,80.0,40.0,0.0,80.0,12495.238095238095,airunit-1
178,45.08333333333291,40.0,-19.68,20.0,13120.0,-180132.53086419823,65.0,79.01500420836415,40.0,-19.68,59.310458746017446,20.0,6720.0,20.0,80.0,80.0,40.0,0.0,80.0,12495.238095238095,airunit-1
179,44.999999999999574,40.0,-19.68,20.0,13120.0,-181144.8765432106,65.0,79.01478374981035,40.0,-19.68,59.30582911638782,20.0,6720.0,20.0,80.0,80.0,40.0,0.0,80.0,12495.238095238095,airunit-1
180,44.91666666666624,40.0,-19.68,20.0,13120.0,-182157.22222222295,65.0,79.01456329125656,40.0,-19.68,59.301199486758186,20.0,6720.0,20.0,80.0,80.0,40.0,0.0,80.0,12495.238095238095,airunit-1
181,44.8333333333329,40.0,-19.68,20.0,13120.0,-183169.5679012353,65.0,79.01434283270277,40.0,-19.68,59.29656985712857,20.0,6720.0,20.0,80.0,80.0,40.0,0.0,80.0,12495.238095238095,airunit-1
182,44.74999999999957,40.0,-19.68,20.0,13120.0,-184181.91358024767,65.0,79.01412237414898,40.0,-19.68,59.29194022749894,20.0,6720.0,20.0,80.0,80.0,40.0,0.0,80.0,12495.238095238095,airunit-1
183,44.66666666666623,40.0,-19.68,20.0,13120.0,-185194.25925926003,65.0,79.01390191559518,40.0,-19.68,59.287310597869315,20.0,6720.0,20.0,80.0,80.0,40.0,0.0,80.0,12495.238095238095,airunit-1
184,44.583333333332895,40.0,-19.68,20.0,13120.0,-186206.6049382724,65.0,79.0136814570414,40.0,-19.68,59.282680968239696,20.0,6720.0,20.0,80.0,80.0,40.0,0.0,80.0,12495.238095238095,airunit-1
185,44.49999999999956,40.0,-19.68,20.0,13120.0,-187218.95061728475,65.0,79.0134609984876,40.0,-19.68,59.27805133861006,20.0,6720.0,20.0,80.0,80.0,40.0,0.0,80.0,12495.238095238095,airunit-1
186,44.416666666666224,40.0,-19.68,20.0,13120.0,-188231.2962962971,65.0,79.01324053993382,40.0,-19.68,59.273421708980436,20.0,6720.0,20.0,80.0,80.0,40.0,0.0,80.0,12495.238095238095,airunit-1
187,44.33333333333289,40.0,-19.68,20.0,13120.0,-189243.64197530947,65.0,79.01302008138002,40.0,-19.68,59.26879207935081,20.0,6720.0,20.0,80.0,80.0,40.0,0.0,80.0,12495.238095238095,airunit-1
188,44.24999999999955,40.0,-19.68,20.0,13120.0,-190255.98765432183,65.0,79.01279962282622,40.0,-19.68,59.26416244972118,20.0,6720.0,20.0,80.0,80.0,40.0,0.0,80.0,12495.238095238095,airunit-1
189,44.16666666666622,40.0,-19.68,20.0,13120.0,-191268.3333333342,65.0,79.01257916427244,40.0,-19.68,59.25953282009156,20.0,6720.0,20.0,80.0,80.0,40.0,0.0,80.0,12495.238095238095,airunit-1
190,44.08333333333288,40.0,-19.68,20.0,13120.0,-192280.67901234655,65.0,79.01235870571864,40.0,-19.68,59.25490319046193,20.0,6720.0,20.0,80.0,80.0,40.0,0.0,80.0,12495.238095238095,airunit-1
191,43.999999999999545,40.0,-19.68,20.0,13120.0,-193293.0246913589,65.0,79.01213824716486,40.0,-19.68,59.250273560832305,20.0,6720.0,20.0,80.0,80.0,40.0,0.0,80.0,12495.238095238095,airunit-1
192,43.91666666666621,40.0,-19.68,20.0,13120.0,-194305.37037037127,65.0,79.01191778861106,40.0,-19.68,59.245643931202686,20.0,6720.0,20.0,80.0,80.0,40.0,0.0,80.0,12495.238095238095,airunit-1
193,43.833333333332874,40.0,-19.68,20.0,13120.0,-195317.71604938363,65.0,79.01169733005727,40.0,-19.68,59.24101430157305,20.0,6720.0,20.0,80.0,80.0,40.0,0.0,80.0,12495.238095238095,airunit-1
